name,email
Charles Flores,cflores0@purevolume.com
Irene Murray,imurray1@163.com
Bonnie Carpenter,bcarpenter2@oracle.com
Linda Young,lyoung3@privacy.gov.au
Sharon Williams,swilliams4@nationalgeographic.com
Jeremy Barnes,jbarnes5@bizjournals.com
Eric Martin,emartin6@yelp.com
Scott Reynolds,sreynolds7@sitemeter.com
Ruth Castillo,rcastillo8@exblog.jp
Marilyn Clark,mclark9@bbb.org
Donna Fernandez,dfernandeza@hao123.com
Juan Johnson,jjohnsonb@dion.ne.jp
Daniel Meyer,dmeyerc@yellowbook.com
Mark Hunt,mhuntd@house.gov
Patricia Hill,phille@wunderground.com
Daniel Franklin,dfranklinf@businesswire.com
Samuel Harvey,sharveyg@seesaa.net
Willie Nguyen,wnguyenh@reddit.com
Harry Stephens,hstephensi@etsy.com
Ruth West,rwestj@cnbc.com
Howard Ruiz,hruizk@auda.org.au
Fred Chapman,fchapmanl@soundcloud.com
Brandon Chapman,bchapmanm@theguardian.com
Jimmy Nguyen,jnguyenn@unc.edu
Victor Frazier,vfraziero@etsy.com
Nicole Reynolds,nreynoldsp@people.com.cn
Brian Patterson,bpattersonq@cdbaby.com
Anna Rogers,arogersr@omniture.com
Sharon Jackson,sjacksons@jimdo.com
Maria Ford,mfordt@spotify.com
Raymond Dunn,rdunnu@marketwatch.com
Tina Hernandez,thernandezv@sina.com.cn
Lori Cole,lcolew@loc.gov
Tammy Dean,tdeanx@flickr.com
George Ramirez,gramirezy@yellowbook.com
Lois Boyd,lboydz@epa.gov
Bruce Turner,bturner10@bravesites.com
Diana Holmes,dholmes11@tripod.com
Steven Ray,sray12@networksolutions.com
Joseph Martinez,jmartinez13@tinypic.com
Jacqueline Mendoza,jmendoza14@npr.org
Frank Frazier,ffrazier15@pen.io
Victor Welch,vwelch16@google.it
Angela Anderson,aanderson17@jiathis.com
Anne Hernandez,ahernandez18@newsvine.com
Harry Scott,hscott19@cbc.ca
Andrew Harrison,aharrison1a@japanpost.jp
James King,jking1b@4shared.com
James Rose,jrose1c@webnode.com
Linda Berry,lberry1d@answers.com
